mean_fit_time,std_fit_time,mean_score_time,std_score_time,param_n_estimators,param_min_samples_split,param_min_samples_leaf,param_max_features,param_max_depth,param_criterion,params,split0_test_roc_auc,split1_test_roc_auc,mean_test_roc_auc,std_test_roc_auc,rank_test_roc_auc,split0_test_f1,split1_test_f1,mean_test_f1,std_test_f1,rank_test_f1,split0_test_recall,split1_test_recall,mean_test_recall,std_test_recall,rank_test_recall,split0_test_precision,split1_test_precision,mean_test_precision,std_test_precision,rank_test_precision,split0_test_average_precision,split1_test_average_precision,mean_test_average_precision,std_test_average_precision,rank_test_average_precision,split0_test_neg_log_loss,split1_test_neg_log_loss,mean_test_neg_log_loss,std_test_neg_log_loss,rank_test_neg_log_loss
20.621695280075073,0.4242377281188965,1.3103466033935547,0.007830142974853516,20,5,100,sqrt,50,gini,"{'n_estimators': 20, 'min_samples_split': 5, 'min_samples_leaf': 100, 'max_features': 'sqrt', 'max_depth': 50, 'criterion': 'gini'}",0.7430228327897159,0.7427703341276041,0.74289658345866,0.00012624933105592762,45,0.5597659192305464,0.5584202863382675,0.5590931027844069,0.0006728164461394792,16,0.7061618302755647,0.6728801169590644,0.6895209736173145,0.016640856658250158,7,0.46364639823391085,0.47723973454997926,0.47044306639194505,0.0067966681580342025,92,0.5190455117420757,0.5164567529017512,0.5177511323219135,0.0012943794201622505,28,-0.5885271562709645,-0.5772046845011325,-0.5828659203860485,0.005661235884916016,90
36.91819202899933,0.6356531381607056,1.7657957077026367,0.023631811141967773,20,5,5,sqrt,50,gini,"{'n_estimators': 20, 'min_samples_split': 5, 'min_samples_leaf': 5, 'max_features': 'sqrt', 'max_depth': 50, 'criterion': 'gini'}",0.7265294316538813,0.7286700445187893,0.7275997380863353,0.0010703064324539824,96,0.47956066055613567,0.46829189276747385,0.47392627666180476,0.005634383894330908,85,0.4531832468386814,0.4226608187134503,0.43792203277606584,0.015261214062615547,82,0.5091984231274639,0.5249682222625749,0.5170833226950193,0.007884899567555503,33,0.4971325608698882,0.5022559990955306,0.49969427998270943,0.0025617191128212147,93,-0.5551056581882311,-0.5480895183744653,-0.5515975882813482,0.0035080699068829047,45
159.3741114139557,1.4594922065734863,4.15869414806366,0.03125154972076416,50,2,1,sqrt,50,entropy,"{'n_estimators': 50, 'min_samples_split': 2, 'min_samples_leaf': 1, 'max_features': 'sqrt', 'max_depth': 50, 'criterion': 'entropy'}",0.7308371143953739,0.7333682650056887,0.7321026897005314,0.0012655753051574181,90,0.3430188488554247,0.3187761367847123,0.33089749282006853,0.012121356035356218,97,0.2480812806081427,0.22010233918128655,0.23409180989471462,0.01398947071342807,97,0.5556647020301244,0.5778161581270389,0.5667404300785817,0.011075728048457245,3,0.49536379188820584,0.5008314679910544,0.49809762993963014,0.00273383805142427,95,-0.5381903501313853,-0.5424130154012404,-0.5403016827663129,0.0021113326349275763,25
46.42022883892059,0.31413567066192627,2.6754626035690308,0.008261322975158691,50,10,1,log2,10,gini,"{'n_estimators': 50, 'min_samples_split': 10, 'min_samples_leaf': 1, 'max_features': 'log2', 'max_depth': 10, 'criterion': 'gini'}",0.7424220030948286,0.7426581174775695,0.7425400602861991,0.00011805719137042425,49,0.5586575497894957,0.5557871162400075,0.5572223330147517,0.0014352167747440636,30,0.6837950442219136,0.6530701754385965,0.6684326098302551,0.015362434391658575,34,0.47223624432105,0.4837294926633819,0.47798286849221594,0.005746624171165948,67,0.5145976666807173,0.5157919639099818,0.5151948152953496,0.0005971486146322813,56,-0.5799720944864862,-0.5692181444595661,-0.5745951194730261,0.0053769750134600725,69
102.16659128665924,1.7818962335586548,3.648755192756653,0.006510376930236816,50,20,5,sqrt,,gini,"{'n_estimators': 50, 'min_samples_split': 20, 'min_samples_leaf': 5, 'max_features': 'sqrt', 'max_depth': None, 'criterion': 'gini'}",0.7401504958165631,0.741706543036389,0.7409285194264761,0.00077802360991297,67,0.5176733942304221,0.5085554209569958,0.513114407593709,0.004558986636713169,64,0.524011402675243,0.49100877192982456,0.5075100873025338,0.01650131537270924,65,0.5114868721461188,0.5274026381909548,0.5194447551685368,0.00795788302241801,30,0.5132283575516847,0.5148176694917301,0.5140230135217074,0.0007946559700227063,63,-0.546976327362015,-0.5395868357102603,-0.5432815815361376,0.0036947458258773103,33
23.956215143203735,0.28997039794921875,1.2315919399261475,0.023570537567138672,20,5,100,log2,10,entropy,"{'n_estimators': 20, 'min_samples_split': 5, 'min_samples_leaf': 100, 'max_features': 'log2', 'max_depth': 10, 'criterion': 'entropy'}",0.7407048943901194,0.74234247446417,0.7415236844271447,0.0008187900370252854,65,0.5573572537519407,0.5564496757146289,0.5569034647332848,0.0004537890186558924,33,0.7085008405818288,0.6773391812865497,0.6929200109341893,0.015580829647639571,2,0.45936211553954787,0.47217692621280066,0.4657695208761743,0.006407405336626399,100,0.5158523411406993,0.515432149640136,0.5156422453904177,0.00021009575028169136,55,-0.5919004127103051,-0.580372554209097,-0.586136483459701,0.005763929250604094,99
210.97382581233978,0.8863714933395386,6.905314326286316,0.0007015466690063477,150,2,5,log2,10,entropy,"{'n_estimators': 150, 'min_samples_split': 2, 'min_samples_leaf': 5, 'max_features': 'log2', 'max_depth': 10, 'criterion': 'entropy'}",0.7443538831118577,0.743779167063435,0.7440665250876464,0.00028735802421131496,23,0.5594219208102585,0.5563820847209686,0.5579020027656136,0.0015199180446449634,23,0.6903735107082816,0.6533625730994153,0.6718680419038484,0.018505468804433156,29,0.47022801951608084,0.4844707030191338,0.4773493612676073,0.007121341751526483,71,0.5175867712525422,0.5183844528115191,0.5179856120320306,0.0003988407794884852,23,-0.5799412809495013,-0.5695739019330355,-0.5747575914412684,0.0051836895082328915,70
140.37860751152039,0.44056081771850586,5.063414573669434,0.021371126174926758,100,20,5,sqrt,10,gini,"{'n_estimators': 100, 'min_samples_split': 20, 'min_samples_leaf': 5, 'max_features': 'sqrt', 'max_depth': 10, 'criterion': 'gini'}",0.7450879472952502,0.7448253214557851,0.7449566343755176,0.00013131291973256243,10,0.5625166780324369,0.5570608065925834,0.5597887423125101,0.002727935719926744,6,0.6933703676631825,0.652266081871345,0.6728182247672638,0.020552142895918724,28,0.4732116132894343,0.4861080845500109,0.4796598489197226,0.006448235630288318,62,0.5191707512659114,0.5214970727801923,0.5203339120230519,0.0011631607571404579,5,-0.578734389735031,-0.5683763482780639,-0.5735553690065475,0.00517902072848353,63
59.57604908943176,0.5131478309631348,2.5085020065307617,0.0185086727142334,50,10,100,sqrt,10,gini,"{'n_estimators': 50, 'min_samples_split': 10, 'min_samples_leaf': 100, 'max_features': 'sqrt', 'max_depth': 10, 'criterion': 'gini'}",0.7439193800982402,0.7435330124142179,0.743726196256229,0.00019318384201116867,29,0.5612347740950846,0.5589174853836417,0.5600761297393632,0.0011586443557214388,3,0.7123017323295081,0.6778508771929824,0.6950763047612453,0.01722542756826284,1,0.4630333555069847,0.4754896933647831,0.46926152443588387,0.006228168928899186,98,0.5175739032324188,0.5171949220155492,0.5173844126239839,0.0001894906084348169,37,-0.5886165789970631,-0.578085423635313,-0.583351001316188,0.005265577680875044,93
59.896255016326904,1.0038940906524658,1.7809736728668213,0.00807952880859375,20,5,5,sqrt,,entropy,"{'n_estimators': 20, 'min_samples_split': 5, 'min_samples_leaf': 5, 'max_features': 'sqrt', 'max_depth': None, 'criterion': 'entropy'}",0.7264755920551612,0.7309893713317273,0.7287324816934442,0.0022568896382830217,94,0.4716366348682919,0.4682034335455791,0.4699200342069355,0.0017166006613563989,89,0.43907609092902566,0.4246345029239766,0.43185529692650115,0.007220794002524539,88,0.5094131614654003,0.5217352254356027,0.5155741934505015,0.006161031985101206,37,0.49760875174502184,0.49903072635928075,0.4983197390521513,0.000710987307129457,94,-0.5556602598669056,-0.5559109987579103,-0.5557856293124079,0.00012536944550234352,56
220.84401381015778,1.7966817617416382,10.136124730110168,0.03173959255218506,150,20,5,log2,50,gini,"{'n_estimators': 150, 'min_samples_split': 20, 'min_samples_leaf': 5, 'max_features': 'log2', 'max_depth': 50, 'criterion': 'gini'}",0.7435049571428239,0.7457651189855646,0.7446350380641943,0.0011300809213703467,17,0.5221881205993862,0.5170956298588573,0.5196418752291218,0.0025462453702644883,58,0.5285432351436299,0.5008040935672514,0.5146736643554406,0.013869570788189234,61,0.515984015984016,0.5344827586206896,0.5252333873023528,0.009249371318336808,24,0.5163259833372775,0.5211516223284804,0.518738802832879,0.0024128194956014593,19,-0.54570193367986,-0.5370109921171987,-0.5413564628985293,0.004345470781330629,27
146.61554956436157,0.9586544036865234,3.572450876235962,0.05695080757141113,50,20,1,sqrt,20,entropy,"{'n_estimators': 50, 'min_samples_split': 20, 'min_samples_leaf': 1, 'max_features': 'sqrt', 'max_depth': 20, 'criterion': 'entropy'}",0.7411393102586695,0.7422808159686387,0.7417100631136542,0.0005707528549845908,62,0.5182900588150912,0.5161218590171225,0.5172059589161069,0.0010840998989843365,60,0.528177764783276,0.5089912280701754,0.5185844964267257,0.009593268356550333,59,0.5087657537140041,0.5234551195308976,0.5161104366224509,0.0073446829084467535,35,0.5125667908413433,0.5144490955311803,0.5135079431862618,0.0009411523449185388,64,-0.5451126348070806,-0.5385048368729599,-0.5418087358400203,0.003303898967060348,28
272.2038543224335,3.64787220954895,6.755457878112793,0.008682012557983398,100,20,10,sqrt,50,entropy,"{'n_estimators': 100, 'min_samples_split': 20, 'min_samples_leaf': 10, 'max_features': 'sqrt', 'max_depth': 50, 'criterion': 'entropy'}",0.7437727745750908,0.7449794258389885,0.7443761002070397,0.0006033256319488145,21,0.5331622034133481,0.5295860125713461,0.5313741079923471,0.0017880954210010014,49,0.5617279438637527,0.5358187134502924,0.5487733286570226,0.012954615206730136,56,0.5073611936357034,0.5234966433366662,0.5154289184861849,0.008067724850481406,38,0.5168290318273422,0.5185007886509586,0.5176649102391504,0.0008358784118082108,29,-0.5475160346451121,-0.5385628866856725,-0.5430394606653923,0.004476573979719789,31
197.81750345230103,1.3650097846984863,7.021739482879639,0.008668184280395508,100,5,5,sqrt,20,gini,"{'n_estimators': 100, 'min_samples_split': 5, 'min_samples_leaf': 5, 'max_features': 'sqrt', 'max_depth': 20, 'criterion': 'gini'}",0.7436640794496261,0.7440973317348842,0.7438807055922552,0.00021662614262907276,26,0.5132670909158572,0.5117108909387692,0.5124889909273131,0.000778099988544001,65,0.5040567209999269,0.4926900584795322,0.49837338973972956,0.005683331260197377,68,0.5228203184230478,0.5322593382294875,0.5275398283262676,0.004719509903219843,23,0.5163053883767939,0.5180264815040753,0.5171659349404345,0.0008605465636407073,41,-0.5418936160256788,-0.5361019633973116,-0.5389977897114953,0.0028958263141835583,21
20.772813081741333,0.2352449893951416,1.2896369695663452,0.0035239458084106445,20,10,10,log2,10,gini,"{'n_estimators': 20, 'min_samples_split': 10, 'min_samples_leaf': 10, 'max_features': 'log2', 'max_depth': 10, 'criterion': 'gini'}",0.7419453333349632,0.7411182306955437,0.7415317820152534,0.00041355131970971515,64,0.5586853089699056,0.5550058747139942,0.5568455918419499,0.00183971712795572,34,0.6995102697171259,0.6560672514619883,0.6777887605895572,0.021721509127568817,23,0.4650597725726504,0.4809238023791662,0.4729917874759083,0.0079320149032579,79,0.5155591937249577,0.5143852791665208,0.5149722364457392,0.0005869572792184807,58,-0.5837970627402782,-0.5723684028404672,-0.5780827327903727,0.005714329949905506,77
43.0493038892746,0.4472237825393677,1.7343178987503052,0.023523926734924316,20,20,5,log2,50,entropy,"{'n_estimators': 20, 'min_samples_split': 20, 'min_samples_leaf': 5, 'max_features': 'log2', 'max_depth': 50, 'criterion': 'entropy'}",0.7315384980317816,0.7334372465154563,0.732487872273619,0.0009493742418373308,88,0.5040478447961492,0.49669829222011386,0.5003730685081316,0.003674776288017656,70,0.5051531320809882,0.4783625730994152,0.4917578525902017,0.013395279490786505,70,0.5029473837420857,0.5164956590370955,0.5097215213895906,0.0067741376475048964,50,0.5000590832995695,0.5000076611277804,0.5000333722136749,2.5711085894553065e-05,92,-0.5523445394784868,-0.544994251404478,-0.5486693954414824,0.0036751440370044186,41
445.75972378253937,7.770975470542908,10.632200479507446,0.055348873138427734,150,2,5,sqrt,,entropy,"{'n_estimators': 150, 'min_samples_split': 2, 'min_samples_leaf': 5, 'max_features': 'sqrt', 'max_depth': None, 'criterion': 'entropy'}",0.7444740217606691,0.7448291308910013,0.7446515763258352,0.0001775545651661048,16,0.489797529304969,0.47330067108567664,0.4815491001953228,0.008248429109646183,78,0.45354871719903517,0.4201754385964912,0.4368620778977632,0.016686639301271983,83,0.5323438572409059,0.541804128570082,0.537073992905494,0.00473013566458802,14,0.5176228514673537,0.5189939067583346,0.5183083791128441,0.000685527645490458,20,-0.5331178717901952,-0.5283754367548534,-0.5307466542725243,0.002371217517670887,7
404.7977271080017,7.6957292556762695,9.869650602340698,0.016083478927612305,150,5,10,sqrt,,entropy,"{'n_estimators': 150, 'min_samples_split': 5, 'min_samples_leaf': 10, 'max_features': 'sqrt', 'max_depth': None, 'criterion': 'entropy'}",0.7455560516122899,0.7462528161381713,0.7459044338752305,0.0003483822629407052,2,0.5351917342764025,0.5301682216058499,0.5326799779411262,0.0025117563352763383,47,0.5641400482420875,0.5379385964912281,0.5510393223666579,0.013100725875429708,52,0.5090693226040499,0.5226191321639088,0.5158442273839794,0.006774904779929425,36,0.5201837470742887,0.521694194812297,0.5209389709432928,0.000755223869004118,2,-0.545794676902604,-0.5380221516639069,-0.5419084142832554,0.003886262619348546,29
449.5586700439453,2.620774507522583,10.458820819854736,0.10235881805419922,150,2,1,sqrt,20,entropy,"{'n_estimators': 150, 'min_samples_split': 2, 'min_samples_leaf': 1, 'max_features': 'sqrt', 'max_depth': 20, 'criterion': 'entropy'}",0.7412372028356923,0.7438380355662265,0.7425376192009594,0.0013004163652671208,50,0.47018376785495025,0.4731209556993529,0.4716523617771516,0.0014685939222013333,87,0.41985234997441706,0.4168859649122807,0.4183691574433489,0.0014831925310681837,90,0.5342261904761905,0.5468929804372842,0.5405595854567373,0.006333394980546858,10,0.5088875961752799,0.5168498754157838,0.5128687357955318,0.003981139620251928,68,-0.5319819574153489,-0.5285885117818309,-0.5302852345985899,0.0016967228167590331,4
257.05173003673553,3.98727285861969,7.053577899932861,0.039540767669677734,150,20,100,sqrt,20,entropy,"{'n_estimators': 150, 'min_samples_split': 20, 'min_samples_leaf': 100, 'max_features': 'sqrt', 'max_depth': 20, 'criterion': 'entropy'}",0.7450975149063531,0.7450871702441872,0.7450923425752702,5.1723310829365765e-06,8,0.562547033285094,0.5576728963386658,0.5601099648118799,0.0024370684732141212,2,0.7103281923835977,0.666374269005848,0.6883512306947228,0.021976961688874863,11,0.4656667784752504,0.47946142113290907,0.47256409980407976,0.006897321328829337,81,0.5195968009588114,0.5204217255669255,0.5200092632628684,0.0004124623040570041,7,-0.5868903042900984,-0.5739611980979512,-0.5804257511940247,0.0064645530960735775,80
206.107936501503,2.3781105279922485,10.018960118293762,0.1173163652420044,150,20,10,log2,50,gini,"{'n_estimators': 150, 'min_samples_split': 20, 'min_samples_leaf': 10, 'max_features': 'log2', 'max_depth': 50, 'criterion': 'gini'}",0.7444232093064016,0.7452597094499497,0.7448414593781756,0.00041825007177404006,11,0.5383042529989094,0.5327898162053923,0.5355470346021509,0.0027572183967585207,46,0.5772969812148234,0.5445906432748538,0.5609438122448387,0.016353168969984788,49,0.5042456745195684,0.5214895702085959,0.5128676223640821,0.008621947844513755,43,0.5179617198178815,0.5200955601446093,0.5190286399812454,0.0010669201633639047,15,-0.5517092065546746,-0.5422732876951549,-0.5469912471249148,0.004717959429759833,37
102.97776293754578,0.46454739570617676,3.8912360668182373,0.061989545822143555,50,10,5,sqrt,,gini,"{'n_estimators': 50, 'min_samples_split': 10, 'min_samples_leaf': 5, 'max_features': 'sqrt', 'max_depth': None, 'criterion': 'gini'}",0.7371064016484562,0.7399010393130045,0.7385037204807303,0.0013973188322741747,76,0.49133663366336633,0.4753048656144214,0.4833207496388939,0.008015884024472453,77,0.4642935457934362,0.4259502923976608,0.4451219190955485,0.01917162669788769,77,0.5217248459958932,0.5375957191622843,0.5296602825790888,0.007935436583195565,19,0.5108902652441777,0.5122215082000046,0.5115558867220911,0.0006656214779134362,75,-0.541504188227493,-0.5353858165441434,-0.5384450023858183,0.0030591858416748052,20
58.00497627258301,0.35189270973205566,1.6550850868225098,0.007218360900878906,20,20,1,sqrt,20,entropy,"{'n_estimators': 20, 'min_samples_split': 20, 'min_samples_leaf': 1, 'max_features': 'sqrt', 'max_depth': 20, 'criterion': 'entropy'}",0.731522314275417,0.7329868295371085,0.7322545719062628,0.0007322576308457229,89,0.5112389665153843,0.5112660550458716,0.511252510780628,1.3544265243692344e-05,68,0.522841897522111,0.5092105263157894,0.5160262119189503,0.006815685603160759,60,0.5001398405817368,0.5133382461311717,0.5067390433564543,0.006599202774717483,52,0.5018060106312136,0.5045767692330146,0.5031913899321141,0.0013853793009005466,88,-0.5549518129362565,-0.5524457414317321,-0.5536987771839943,0.0012530357522622104,50
283.51554346084595,1.781684398651123,6.8498194217681885,0.05699324607849121,100,10,5,sqrt,20,entropy,"{'n_estimators': 100, 'min_samples_split': 10, 'min_samples_leaf': 5, 'max_features': 'sqrt', 'max_depth': 20, 'criterion': 'entropy'}",0.7443200043201937,0.7441043130237458,0.7442121586719698,0.0001078456482239698,22,0.5188562258370414,0.5136377335744424,0.5162469797057418,0.002609246131299481,61,0.5199181346392807,0.4983187134502924,0.5091184240447866,0.010799710594494166,63,0.5177986459925747,0.5299284825870647,0.5238635642898197,0.006064918297244981,25,0.5166406819714242,0.5184788161280441,0.5175597490497341,0.0009190670783099653,32,-0.540363693503329,-0.5349141209382329,-0.537638907220781,0.002724786282548075,18
63.067813754081726,1.2249714136123657,2.6126993894577026,0.0398181676864624,50,10,100,sqrt,,gini,"{'n_estimators': 50, 'min_samples_split': 10, 'min_samples_leaf': 100, 'max_features': 'sqrt', 'max_depth': None, 'criterion': 'gini'}",0.7431646946399106,0.7444600307910617,0.7438123627154862,0.000647668075575536,28,0.562214644859273,0.5576518638178548,0.5599332543385639,0.002281390520709081,5,0.7110591331043052,0.6687134502923977,0.6898862916983515,0.02117284140595377,6,0.4648984468339307,0.4782267760991165,0.4715626114665236,0.006664164632592895,88,0.5162324149674822,0.5188838532487772,0.5175581341081297,0.0013257191406474966,34,-0.5868056353993328,-0.5750446231937031,-0.580925129296518,0.005880506102814875,83
36.80702722072601,0.2897273302078247,1.5929328203201294,0.007874846458435059,20,10,10,sqrt,20,gini,"{'n_estimators': 20, 'min_samples_split': 10, 'min_samples_leaf': 10, 'max_features': 'sqrt', 'max_depth': 20, 'criterion': 'gini'}",0.7336315700509675,0.7374353565677232,0.7355334633093453,0.0019018932583778625,81,0.5282473533859856,0.5270189501810638,0.5276331517835247,0.0006142016024608954,53,0.5744463124040641,0.5478801169590644,0.5611632146815642,0.01328309772249986,48,0.48892621624984445,0.5076881392670867,0.49830717775846556,0.00938096150862111,58,0.5053921573530779,0.5092345152667221,0.5073133363099,0.001921178956822145,81,-0.5622221660260275,-0.5511656246751366,-0.556693895350582,0.005528270675445424,59
330.2856047153473,3.6184237003326416,10.530911922454834,0.10782122611999512,150,20,1,sqrt,,gini,"{'n_estimators': 150, 'min_samples_split': 20, 'min_samples_leaf': 1, 'max_features': 'sqrt', 'max_depth': None, 'criterion': 'gini'}",0.7408217513391496,0.7434329510963008,0.7421273512177252,0.0013055998785755918,58,0.4822700712398944,0.44432745459331396,0.4632987629166042,0.01897130832329022,91,0.44039178422629927,0.3701754385964912,0.40528361141139524,0.035108172814904026,92,0.5329500221141088,0.5556287030941409,0.5442893626041249,0.011339340490016059,9,0.5120506020287845,0.5176607981793301,0.5148557001040572,0.002805098075272794,59,-0.5396549080088009,-0.5327567119231151,-0.536205809965958,0.0034490980428428797,15
59.55908215045929,1.1689409017562866,1.7804080247879028,0.007837176322937012,20,2,5,sqrt,,entropy,"{'n_estimators': 20, 'min_samples_split': 2, 'min_samples_leaf': 5, 'max_features': 'sqrt', 'max_depth': None, 'criterion': 'entropy'}",0.7302817767190499,0.7296951678931168,0.7299884723060834,0.0002933044129665441,93,0.48852496828508823,0.46711300466626093,0.47781898647567456,0.01070598180941365,83,0.46443973393757765,0.42076023391812867,0.44259998392785316,0.02183975000972449,78,0.5152448913396043,0.5249430004559964,0.5200939458978003,0.004849054558196064,29,0.5028472771515221,0.5002113062448054,0.5015292916981637,0.0013179854533583724,90,-0.5538488429209719,-0.5522668710695399,-0.5530578569952559,0.0007909859257160257,47
140.87604928016663,0.4627230167388916,4.7774317264556885,0.03902626037597656,100,5,5,log2,10,entropy,"{'n_estimators': 100, 'min_samples_split': 5, 'min_samples_leaf': 5, 'max_features': 'log2', 'max_depth': 10, 'criterion': 'entropy'}",0.7439925154495535,0.743263739699388,0.7436281275744707,0.00036438787508275006,31,0.5595030320958438,0.5543691436042711,0.5569360878500575,0.002566944245786351,31,0.6912506395731306,0.6508771929824562,0.6710639162777934,0.020186723295337217,33,0.469936394354999,0.48278479639971805,0.47636059537735853,0.006424201022359521,73,0.5170543775456411,0.5185689236773847,0.5178116506115129,0.0007572730658718108,26,-0.5807160199817873,-0.5692735266593385,-0.5749947733205629,0.005721246661224422,72
189.3868201971054,3.115282893180847,7.438364624977112,0.28228604793548584,150,2,100,log2,,entropy,"{'n_estimators': 150, 'min_samples_split': 2, 'min_samples_leaf': 100, 'max_features': 'log2', 'max_depth': None, 'criterion': 'entropy'}",0.7432813658323495,0.7439975295778218,0.7436394477050856,0.0003580818727361712,30,0.5602579370842652,0.5589737354085603,0.5596158362464128,0.0006421008378524329,9,0.7049192310503618,0.6720760233918128,0.6884976272210873,0.01642160382927449,9,0.4648606960377904,0.47845545378850957,0.47165807491315,0.006797378875359583,87,0.516032411989288,0.5189099229268107,0.5174711674580493,0.0014387554687613768,36,-0.5886406570769177,-0.5765914259802111,-0.5826160415285644,0.006024615548353318,87
30.204066276550293,0.43981242179870605,1.7659136056900024,0.023038506507873535,20,2,5,log2,50,gini,"{'n_estimators': 20, 'min_samples_split': 2, 'min_samples_leaf': 5, 'max_features': 'log2', 'max_depth': 50, 'criterion': 'gini'}",0.725086246269397,0.7272877103354083,0.7261869783024026,0.001100732033005647,98,0.48247344461305003,0.4688711336128471,0.47567228911294857,0.006801155500101463,84,0.46480520429793143,0.4332602339181287,0.44903271910803005,0.015772485189901375,73,0.5015379761810869,0.5108601965178418,0.5061990863494643,0.004661110168377447,53,0.49363966291470485,0.49514404273103463,0.49439185282286974,0.0007521899081648908,98,-0.5556776749587458,-0.5491194489684644,-0.5523985619636052,0.003279112995140665,46
188.5022407770157,2.510762333869934,7.069055795669556,0.055724143981933594,150,20,100,sqrt,20,gini,"{'n_estimators': 150, 'min_samples_split': 20, 'min_samples_leaf': 100, 'max_features': 'sqrt', 'max_depth': 20, 'criterion': 'gini'}",0.7449583809261023,0.7450424317416178,0.74500040633386,4.202540775771757e-05,9,0.5622930824185398,0.5578118778523079,0.5600524801354239,0.0022406022831159556,4,0.7076237117169798,0.6656432748538011,0.6866334932853905,0.020990218431589325,18,0.4664867729966752,0.48004639148083716,0.4732665822387562,0.006779809242080992,77,0.5186837165851845,0.5202708712122088,0.5194772938986967,0.0007935773135121504,10,-0.5860978075902377,-0.5745030043016526,-0.5803004059459451,0.0057974016442925436,79
60.15857422351837,1.028746247291565,1.7504255771636963,0.006915092468261719,20,10,5,sqrt,,entropy,"{'n_estimators': 20, 'min_samples_split': 10, 'min_samples_leaf': 5, 'max_features': 'sqrt', 'max_depth': None, 'criterion': 'entropy'}",0.7279685074604423,0.7282249678594672,0.7280967376599548,0.00012823019951246906,95,0.4781922469877199,0.46052577783229076,0.4693590124100053,0.008833234577714566,90,0.4539872816314597,0.41169590643274856,0.4328415940321041,0.02114568759935556,87,0.5051236174365648,0.522497448742926,0.5138105330897453,0.008686915653180638,40,0.4948472841868731,0.49678970659107025,0.4958184953889717,0.0009712112020985597,96,-0.5547766813046521,-0.5473760467444636,-0.5510763640245578,0.003700317280094234,44
28.733877658843994,0.2530653476715088,1.2612061500549316,0.00603485107421875,20,5,5,log2,10,entropy,"{'n_estimators': 20, 'min_samples_split': 5, 'min_samples_leaf': 5, 'max_features': 'log2', 'max_depth': 10, 'criterion': 'entropy'}",0.7389290831625908,0.7408107501023342,0.7398699166324625,0.0009408334698717269,70,0.5555980354674587,0.5527081398947694,0.554153087681114,0.0014449477863446303,39,0.6904466047803524,0.6527046783625731,0.6715756415714627,0.018870963208889646,31,0.46481645507331953,0.4792807300053677,0.4720485925393436,0.00723213746602408,84,0.5115049388225665,0.5140754031383595,0.512790170980463,0.0012852321578964987,69,-0.5828863314124704,-0.5723056852106226,-0.5775960083115466,0.005290323100923866,76
106.69854640960693,1.8714330196380615,3.735537886619568,0.001092076301574707,50,20,5,log2,,entropy,"{'n_estimators': 50, 'min_samples_split': 20, 'min_samples_leaf': 5, 'max_features': 'log2', 'max_depth': None, 'criterion': 'entropy'}",0.7395594573286758,0.7425303007201645,0.7410448790244202,0.0014854216957443378,66,0.5149573431950496,0.5088470427764937,0.5119021929857717,0.003055150209277935,67,0.5139975148015496,0.4908625730994152,0.5024300439504824,0.011567470851067211,67,0.5159207630227439,0.5281994808463777,0.5220601219345609,0.006139358911816883,28,0.5129856978436118,0.5162105319885745,0.5145981149160932,0.0016124170724813314,60,-0.5446263247480232,-0.5370952378374119,-0.5408607812927175,0.0037655434553056644,26
189.29056477546692,2.3697214126586914,7.084749102592468,0.14867126941680908,150,5,100,log2,,entropy,"{'n_estimators': 150, 'min_samples_split': 5, 'min_samples_leaf': 100, 'max_features': 'log2', 'max_depth': None, 'criterion': 'entropy'}",0.7433185767762023,0.7438925464971269,0.7436055616366646,0.00028698486046230265,32,0.559515137387453,0.5576144834930777,0.5585648104402654,0.0009503269471876075,19,0.7017761859513193,0.6698099415204678,0.6857930637358935,0.01598312221542575,20,0.4652098071518558,0.4776127182694814,0.4714112627106686,0.006201455558812796,89,0.516137103484372,0.5188274474624353,0.5174822754734036,0.0013451719890316127,35,-0.5884525446316109,-0.5764909678621587,-0.5824717562468849,0.005980788384726099,86
36.89108741283417,0.12640130519866943,1.6241494417190552,0.007879137992858887,20,2,10,sqrt,20,gini,"{'n_estimators': 20, 'min_samples_split': 2, 'min_samples_leaf': 10, 'max_features': 'sqrt', 'max_depth': 20, 'criterion': 'gini'}",0.7351515474396662,0.7356111623011135,0.7353813548703898,0.00022980743072364973,82,0.5307560656397866,0.5261906427022869,0.5284733541710367,0.002282711468749865,52,0.578027921935531,0.55,0.5640139609677655,0.01401396096776547,46,0.49063159200893414,0.504357152433302,0.4974943722211181,0.00686278021218395,59,0.5038125762468322,0.5044078002496686,0.5041101882482504,0.00029761200141820154,87,-0.5589230960020228,-0.552540367295256,-0.5557317316486394,0.003191364353383408,55
31.9716854095459,0.287764310836792,1.7957557439804077,0.03895413875579834,20,5,1,log2,20,gini,"{'n_estimators': 20, 'min_samples_split': 5, 'min_samples_leaf': 1, 'max_features': 'log2', 'max_depth': 20, 'criterion': 'gini'}",0.7226910835801854,0.7244889531424331,0.7235900183613093,0.0008989347811238502,99,0.4606741573033708,0.4546586945690085,0.45766642593618967,0.0030077313671811605,92,0.41955997368613407,0.40021929824561403,0.409889635965874,0.00967033772026002,91,0.5107215944479047,0.526239907727797,0.5184807510878509,0.007759156639946196,31,0.4895166310576265,0.4954749405953971,0.49249578582651177,0.0029791547688853004,99,-0.5640948566779417,-0.564534837310242,-0.5643148469940918,0.00021999031615016484,60
27.94362962245941,0.06251513957977295,1.6867648363113403,0.008051514625549316,20,20,10,log2,,gini,"{'n_estimators': 20, 'min_samples_split': 20, 'min_samples_leaf': 10, 'max_features': 'log2', 'max_depth': None, 'criterion': 'gini'}",0.733194271515314,0.7365397150019549,0.7348669932586345,0.0016727217433204489,85,0.526866381359962,0.5214181779465522,0.5241422796532571,0.0027241017067048956,54,0.5669176229807763,0.5369883040935672,0.5519529635371718,0.014964659443604533,50,0.49210075502823425,0.50672552941988,0.49941314222405714,0.007312387195822889,56,0.5044170729932571,0.5077209170604567,0.5060689950268569,0.0016519220335998175,84,-0.560251698821244,-0.5500953924201828,-0.5551735456207134,0.005078153200530622,53
103.83087658882141,0.2666442394256592,5.046387434005737,0.0709371566772461,100,2,1,log2,10,gini,"{'n_estimators': 100, 'min_samples_split': 2, 'min_samples_leaf': 1, 'max_features': 'log2', 'max_depth': 10, 'criterion': 'gini'}",0.7430953111130855,0.7432693357390799,0.7431823234260827,8.701231299723666e-05,40,0.5569749310303467,0.5525091183498931,0.5547420246901199,0.00223290634022677,38,0.6788246473211023,0.6422514619883041,0.6605380546547032,0.018286592666399093,39,0.47221233538414603,0.4847715736040609,0.4784919544941035,0.006279619109957446,65,0.5162378016802134,0.5184727628831957,0.5173552822817045,0.0011174806014911387,39,-0.5781869015559753,-0.5674934663085303,-0.5728401839322528,0.005346717623722519,61
213.56122398376465,2.150714874267578,7.01498806476593,0.04777204990386963,100,20,5,log2,,entropy,"{'n_estimators': 100, 'min_samples_split': 20, 'min_samples_leaf': 5, 'max_features': 'log2', 'max_depth': None, 'criterion': 'entropy'}",0.7424737282790145,0.7442577867057546,0.7433657574923845,0.0008920292133700602,37,0.5161997297001132,0.508658666261583,0.5124291979808481,0.0037705317192651133,66,0.5164827132519553,0.489546783625731,0.5030147484388432,0.013467964813112132,66,0.5159170560747663,0.5293234271261461,0.5226202416004562,0.006703185525689881,27,0.514603628546449,0.5182510460383252,0.5164273372923871,0.0018237087459380685,47,-0.5430938799940275,-0.5349942560546688,-0.5390440680243481,0.004049811969679351,22
27.5713449716568,0.5344167947769165,1.6635674238204956,0.01603853702545166,20,5,10,log2,50,gini,"{'n_estimators': 20, 'min_samples_split': 5, 'min_samples_leaf': 10, 'max_features': 'log2', 'max_depth': 50, 'criterion': 'gini'}",0.7317826372318729,0.7362100773024081,0.7339963572671404,0.0022137200352675968,87,0.5218719245257407,0.5232726630146669,0.5225722937702038,0.0007003692444630949,56,0.5620203201520356,0.5411549707602339,0.5515876454561348,0.010432674695900868,51,0.4870771569745344,0.5065343824837496,0.49680576972914203,0.009728612754607596,60,0.5025548676882358,0.5086593149115083,0.505607091299872,0.003052223611636262,86,-0.5599631728912475,-0.5523665884373317,-0.5561648806642896,0.0037982922269579333,58
73.6946427822113,0.4260125160217285,3.6247599124908447,0.004534006118774414,50,20,5,log2,,gini,"{'n_estimators': 50, 'min_samples_split': 20, 'min_samples_leaf': 5, 'max_features': 'log2', 'max_depth': None, 'criterion': 'gini'}",0.7394370093355735,0.741066181792762,0.7402515955641678,0.0008145862285942052,69,0.5171818835370238,0.5091899251191286,0.5131859043280762,0.003995979208947564,63,0.5258387544770119,0.4921052631578947,0.5089720088174533,0.01686674565955859,64,0.508805431784426,0.5275035260930888,0.5181544789387574,0.00934904715433138,32,0.5119992874700323,0.514306444631579,0.5131528660508057,0.0011535785807733623,66,-0.5481660461629796,-0.5399885374891912,-0.5440772918260854,0.004088754336894207,34
50.917319774627686,0.18174433708190918,2.6678546667099,0.000603795051574707,50,2,5,log2,10,gini,"{'n_estimators': 50, 'min_samples_split': 2, 'min_samples_leaf': 5, 'max_features': 'log2', 'max_depth': 10, 'criterion': 'gini'}",0.7427420410621918,0.7430792011167127,0.7429106210894523,0.0001685800272604454,44,0.5571023997615144,0.5543352420288494,0.555718820895182,0.0013835788663325022,35,0.6829910094291353,0.6475146198830409,0.6652528146560881,0.017738194773047167,37,0.4703987112364076,0.484599813994201,0.4774992626153043,0.007100551378896702,70,0.5156622458315868,0.5178777107988338,0.5167699783152103,0.0011077324836235025,43,-0.5799996073986741,-0.5690701030431748,-0.5745348552209244,0.00546475217774961,68
329.5181143283844,2.9263856410980225,10.849684476852417,0.2283775806427002,150,2,1,log2,20,entropy,"{'n_estimators': 150, 'min_samples_split': 2, 'min_samples_leaf': 1, 'max_features': 'log2', 'max_depth': 20, 'criterion': 'entropy'}",0.7415413758141749,0.7428969066835612,0.7422191412488681,0.0006777654346931672,57,0.472046650083595,0.47203477540881805,0.4720407127462065,5.937337388461916e-06,86,0.4230684891455303,0.41673976608187135,0.41990412761370083,0.0031643615318294738,89,0.5338498432023612,0.5442482100238664,0.5390490266131138,0.005199183410752595,12,0.511874822265316,0.5151235796344508,0.5134992009498833,0.0016243786845673847,65,-0.5320378226200522,-0.528948819396363,-0.5304933210082076,0.0015445016118446064,5
18.786073327064514,0.09304869174957275,1.2700679302215576,0.017328500747680664,20,20,100,log2,20,gini,"{'n_estimators': 20, 'min_samples_split': 20, 'min_samples_leaf': 100, 'max_features': 'log2', 'max_depth': 20, 'criterion': 'gini'}",0.7415319618535859,0.7420446046104394,0.7417882832320126,0.0002563213784267382,61,0.5607265130853595,0.5554478832293622,0.5580871981573609,0.002639314927998626,22,0.7063080184197061,0.6703947368421053,0.6883513776309057,0.017956640788800438,10,0.46490257397161416,0.47414951918105674,0.46952604657633545,0.00462347260472129,97,0.5145781169764833,0.5141359600024366,0.5143570384894599,0.00022107848702335176,61,-0.5891160304886311,-0.578613032120523,-0.583864531304577,0.005251499184054098,96
285.2776086330414,0.006506443023681641,7.070451498031616,0.21196961402893066,150,10,10,sqrt,10,entropy,"{'n_estimators': 150, 'min_samples_split': 10, 'min_samples_leaf': 10, 'max_features': 'sqrt', 'max_depth': 10, 'criterion': 'entropy'}",0.7460038763547897,0.7447243909169488,0.7453641336358692,0.0006397427189204774,4,0.5616183124833642,0.5560869565217391,0.5588526345025517,0.0027656779808125642,18,0.6940282143118193,0.6544590643274854,0.6742436393196523,0.01978457499216696,27,0.4716371945161931,0.4834233261339093,0.4775302603250512,0.0058930658088580945,69,0.5209615079983704,0.5209690693474747,0.5209652886729226,3.780674552145147e-06,1,-0.5789184529226304,-0.568659477734328,-0.5737889653284792,0.005129487594151216,66
94.34518849849701,0.7692955732345581,3.5575804710388184,0.0048105716705322266,50,10,10,sqrt,50,gini,"{'n_estimators': 50, 'min_samples_split': 10, 'min_samples_leaf': 10, 'max_features': 'sqrt', 'max_depth': 50, 'criterion': 'gini'}",0.7417646655568497,0.742089979547851,0.7419273225523504,0.00016265699550066515,59,0.5351882717099221,0.5228212756693998,0.529004773689661,0.006183498020261136,51,0.5750310649806301,0.5266812865497076,0.5508561757651689,0.024174889215461237,53,0.5005089706069474,0.5190174326465927,0.5097632016267701,0.009254231019822645,49,0.515813266167158,0.5164905818890798,0.5161519240281189,0.00033865786096093364,51,-0.5527663144299514,-0.5425538784530988,-0.547660096441525,0.005106217988426309,39
152.53365182876587,0.13439607620239258,7.359926104545593,0.26573240756988525,150,2,5,log2,10,gini,"{'n_estimators': 150, 'min_samples_split': 2, 'min_samples_leaf': 5, 'max_features': 'log2', 'max_depth': 10, 'criterion': 'gini'}",0.7436078892273728,0.7442358337172583,0.7439218614723155,0.000313972244942784,24,0.5593867446161188,0.5556913243725914,0.5575390344943552,0.0018477101217637126,26,0.6854031138074702,0.6482456140350877,0.666824363921279,0.018578749886191237,36,0.472511967750063,0.48626418818884687,0.47938807796945493,0.00687611021939194,63,0.5165913388882001,0.5189686152060773,0.5177799770471387,0.0011886381589386041,27,-0.5793903411137883,-0.5681439324316171,-0.5737671367727026,0.005623204341085597,65
205.9562587738037,1.8517036437988281,7.24268639087677,0.06933510303497314,100,5,5,sqrt,,gini,"{'n_estimators': 100, 'min_samples_split': 5, 'min_samples_leaf': 5, 'max_features': 'sqrt', 'max_depth': None, 'criterion': 'gini'}",0.7420678180207253,0.7426320958930024,0.7423499569568639,0.0002821389361385429,56,0.49381663113006397,0.48176723787866477,0.48779193450436437,0.006024696625699599,71,0.465536145018639,0.433625730994152,0.44958093800639554,0.015955207012243483,72,0.5257553244180287,0.5419331262561666,0.5338442253370976,0.008088900919068942,17,0.5157879750350003,0.5164657371887992,0.5161268561118997,0.00033888107689944436,53,-0.5382419378300598,-0.5326892442799045,-0.5354655910549821,0.002776346775077654,13
268.28492629528046,3.1374956369400024,6.6989699602127075,0.0015012025833129883,100,10,10,sqrt,,entropy,"{'n_estimators': 100, 'min_samples_split': 10, 'min_samples_leaf': 10, 'max_features': 'sqrt', 'max_depth': None, 'criterion': 'entropy'}",0.7441851381549627,0.7450399181106744,0.7446125281328185,0.0004273899778558521,18,0.5350643969476192,0.5293075393238112,0.5321859681357153,0.002878428811903977,48,0.5663328704042102,0.5350146198830409,0.5506737451436255,0.01565912526058466,54,0.5070680628272252,0.5237209302325582,0.5153944965298917,0.008326433702666503,39,0.5205318626641384,0.5203617331759862,0.5204467979200623,8.50647440761021e-05,4,-0.5470827828035314,-0.5390791695903611,-0.5430809761969462,0.004001806606585168,32
448.9666225910187,7.758891820907593,10.972882747650146,0.00408482551574707,150,5,5,sqrt,50,entropy,"{'n_estimators': 150, 'min_samples_split': 5, 'min_samples_leaf': 5, 'max_features': 'sqrt', 'max_depth': 50, 'criterion': 'entropy'}",0.7441830214471372,0.7452061571848655,0.7446945893160013,0.0005115678688641379,15,0.4941426212752575,0.47696610727212896,0.48555436427369325,0.008588257001564265,74,0.45939624296469556,0.42383040935672517,0.44161332616071036,0.017782916803985194,79,0.5345751467211023,0.5453348382242288,0.5399549924726655,0.00537984575156325,11,0.5184573892818167,0.5199181375613761,0.5191877634215964,0.0007303741397796659,13,-0.5336633970438246,-0.5282030710179281,-0.5309332340308763,0.0027301630129482612,8
172.7050484418869,4.0808669328689575,4.729715585708618,0.08789658546447754,100,10,100,sqrt,50,entropy,"{'n_estimators': 100, 'min_samples_split': 10, 'min_samples_leaf': 100, 'max_features': 'sqrt', 'max_depth': 50, 'criterion': 'entropy'}",0.7444639496254909,0.745090142566909,0.7447770460962,0.00031309647070904,12,0.5603094732555772,0.5586898844195054,0.5594996788375413,0.000809794418035914,13,0.7040421021855128,0.6695906432748538,0.6868163727301833,0.017225729455329464,16,0.4653140096618357,0.47930511223902467,0.4723095609504302,0.00699555128859447,83,0.5185489032992271,0.5206164452828894,0.5195826742910583,0.0010337709918311622,9,-0.5865069252648568,-0.5745177472236219,-0.5805123362442394,0.005994589020617447,81
27.376234531402588,0.009224414825439453,1.6628566980361938,0.0001398324966430664,20,2,10,log2,50,gini,"{'n_estimators': 20, 'min_samples_split': 2, 'min_samples_leaf': 10, 'max_features': 'log2', 'max_depth': 50, 'criterion': 'gini'}",0.7341790566446907,0.7359532844441288,0.7350661705444097,0.0008871138997190164,84,0.5234316207156051,0.520361509835194,0.5218965652753995,0.001535055440205546,57,0.559242745413347,0.5366228070175438,0.5479327762154453,0.01130996919790156,57,0.49193081720568377,0.5050567595459237,0.4984937883758037,0.006562971170119947,57,0.5063961728191989,0.5090276310571069,0.5077119019381529,0.001315729118954001,79,-0.559361921158912,-0.5528392071166479,-0.55610056413778,0.003261357021132061,57
113.00488829612732,1.626006841659546,3.9838095903396606,0.016280055046081543,50,10,1,sqrt,50,gini,"{'n_estimators': 50, 'min_samples_split': 10, 'min_samples_leaf': 1, 'max_features': 'sqrt', 'max_depth': 50, 'criterion': 'gini'}",0.7306153164386582,0.7334449857924809,0.7320301511155696,0.0014148346769113362,91,0.41651705565529623,0.37693498452012375,0.39672602008770996,0.01979103556758624,96,0.3391564944083035,0.2847953216374269,0.3119759080228652,0.0271805863854383,96,0.5395976276311198,0.5572082379862701,0.548402932808695,0.008805305177575107,7,0.5006277843946892,0.5053123464941295,0.5029700654444094,0.0023422810497201185,89,-0.5373931780911312,-0.5354367730576307,-0.536414975574381,0.0009782025167502373,17
103.23800611495972,0.09492850303649902,4.856629133224487,0.023740291595458984,100,20,1,log2,10,gini,"{'n_estimators': 100, 'min_samples_split': 20, 'min_samples_leaf': 1, 'max_features': 'log2', 'max_depth': 10, 'criterion': 'gini'}",0.743465842767232,0.7430255181244717,0.7432456804458518,0.00022016232138016845,39,0.5600023716352425,0.5544813007119097,0.557241836173576,0.00276053546166638,29,0.6903735107082816,0.6519005847953216,0.6711370477518016,0.01923646295647996,32,0.4710488254949878,0.4823930329420674,0.4767209292185276,0.005672103723539823,72,0.5156834343316051,0.5173403598175297,0.5165118970745675,0.0008284627429622771,45,-0.5798311907612141,-0.5700378705229069,-0.5749345306420606,0.0048966601191536285,71
77.34367954730988,0.8154875040054321,3.7351144552230835,0.0012999773025512695,50,10,1,log2,20,gini,"{'n_estimators': 50, 'min_samples_split': 10, 'min_samples_leaf': 1, 'max_features': 'log2', 'max_depth': 20, 'criterion': 'gini'}",0.7354882048887313,0.7382367186254366,0.736862461757084,0.0013742568683526302,79,0.4865939204988309,0.48076147455029444,0.4836776975245627,0.0029162229742682177,75,0.45632629193772384,0.43567251461988304,0.44599940327880344,0.010326888658920397,76,0.5211620335587278,0.5362605722512147,0.5287113029049713,0.007549269346243448,20,0.5049162480644692,0.5123134357321417,0.5086148418983054,0.00369859383383625,78,-0.5432901810588879,-0.5368277919073928,-0.5400589864831404,0.0032311945757475535,24
39.862624168395996,0.6357741355895996,1.6712377071380615,0.0240480899810791,20,2,5,sqrt,20,gini,"{'n_estimators': 20, 'min_samples_split': 2, 'min_samples_leaf': 5, 'max_features': 'sqrt', 'max_depth': 20, 'criterion': 'gini'}",0.731420799444862,0.7303208521465767,0.7308708257957194,0.0005499736491426654,92,0.5085693536673929,0.4958871028601615,0.5022282282637772,0.006341125403615672,69,0.5118777867114978,0.4803362573099415,0.49610702201071966,0.015770764700778123,69,0.5053034129446569,0.5124785524879114,0.5088909827162842,0.0035875697716272748,51,0.4994681254584853,0.5010801125231734,0.5002741189908293,0.0008059935323440626,91,-0.5553278841054925,-0.5513823846476748,-0.5533551343765837,0.0019727497289088736,49
51.892293214797974,0.23856186866760254,2.6084803342819214,0.01328575611114502,50,5,1,log2,10,gini,"{'n_estimators': 50, 'min_samples_split': 5, 'min_samples_leaf': 1, 'max_features': 'log2', 'max_depth': 10, 'criterion': 'gini'}",0.7419577962262713,0.7428884977165406,0.742423146971406,0.0004653507451346517,53,0.5580342516753537,0.5529660348796872,0.5555001432775204,0.0025341083978332457,36,0.6847452671588334,0.6408625730994152,0.6628039201291243,0.021941347029709124,38,0.4708957474615462,0.4862721171446004,0.4785839323030733,0.007688184841527085,64,0.5153773598321469,0.5178652527259631,0.516621306279055,0.0012439464469080619,44,-0.5798049321275831,-0.5686392668525174,-0.5742220994900502,0.005582832637532842,67
188.2138444185257,2.5066291093826294,7.084623575210571,0.10168576240539551,150,2,100,log2,20,entropy,"{'n_estimators': 150, 'min_samples_split': 2, 'min_samples_leaf': 100, 'max_features': 'log2', 'max_depth': 20, 'criterion': 'entropy'}",0.7431658022995854,0.7438555346575582,0.7435106684785717,0.0003448661789863805,35,0.5604168486012867,0.557946969466346,0.5591819090338164,0.001234939567470339,15,0.7036035377530883,0.6698830409356725,0.6867432893443803,0.016860248408707867,17,0.4656540247678019,0.47806354009077157,0.4718587824292867,0.006204757661484844,85,0.5161694159754817,0.5189494150499909,0.5175594155127363,0.0013899995372546048,33,-0.5883432671315154,-0.5765939684347439,-0.5824686177831296,0.005874649348385774,85
129.60461485385895,0.9007977247238159,6.687548637390137,0.17195940017700195,150,5,100,log2,10,gini,"{'n_estimators': 150, 'min_samples_split': 5, 'min_samples_leaf': 100, 'max_features': 'log2', 'max_depth': 10, 'criterion': 'gini'}",0.7421292369470327,0.7430597778133723,0.7425945073802025,0.00046527043316979544,48,0.5580198363357719,0.5577713318830071,0.5578955841093896,0.00012425222638240419,24,0.7052847014107156,0.6747076023391813,0.6899961518749484,0.015288549535767193,5,0.46163046598411633,0.4753811289658014,0.4685057974749589,0.006875331490842546,99,0.514596250075177,0.5175660059367742,0.5160811280059756,0.0014848779307986004,54,-0.5904411677733536,-0.5798218991878963,-0.585131533480625,0.005309634292728682,98
189.51859998703003,0.43236637115478516,4.85500180721283,0.024695754051208496,100,2,10,sqrt,10,entropy,"{'n_estimators': 100, 'min_samples_split': 2, 'min_samples_leaf': 10, 'max_features': 'sqrt', 'max_depth': 10, 'criterion': 'entropy'}",0.7452773020606256,0.7453229401115502,0.7453001210860879,2.2819025462306186e-05,5,0.5620764154014621,0.5574055126654885,0.5597409640334754,0.002335451367986796,7,0.6941013083838901,0.6570906432748538,0.6755959758293719,0.01850533255451814,24,0.4722498508056495,0.48398212458945783,0.4781159876975537,0.005866136891904156,66,0.5194936113512229,0.5210699876413831,0.5202817994963029,0.0007881881450801376,6,-0.5787952329047477,-0.5682550694199043,-0.573525151162326,0.005270081742421662,62
92.14405739307404,1.6794391870498657,4.830238223075867,0.027592778205871582,100,10,100,log2,50,gini,"{'n_estimators': 100, 'min_samples_split': 10, 'min_samples_leaf': 100, 'max_features': 'log2', 'max_depth': 50, 'criterion': 'gini'}",0.7432993498223466,0.743423176374511,0.7433612630984288,6.191327608223718e-05,38,0.5590803259604191,0.5574870387313205,0.5582836823458699,0.0007966436145492861,21,0.7020685622396023,0.6681286549707602,0.6850986086051813,0.016969953634421053,22,0.4644808743169399,0.478283621140764,0.47138224772885196,0.0069013734119120485,90,0.5167880741496017,0.518384131958599,0.5175861030541004,0.0007980289044986488,31,-0.5883296465892376,-0.5772401451813596,-0.5827848958852986,0.005544750703939005,89
109.07395315170288,0.2604689598083496,4.139046669006348,0.05793881416320801,50,2,5,log2,,entropy,"{'n_estimators': 50, 'min_samples_split': 2, 'min_samples_leaf': 5, 'max_features': 'log2', 'max_depth': None, 'criterion': 'entropy'}",0.739693906114899,0.7398525383911256,0.7397732222530123,7.931613811329452e-05,71,0.4915509841073431,0.475150235504304,0.48335060980582356,0.008200374301519542,76,0.46458592208171917,0.4277046783625731,0.44614530022214616,0.018440621859573042,75,0.5218390804597701,0.5344355133357691,0.5281372968977696,0.006298216437999493,21,0.5107959341745786,0.5120084281841493,0.5114021811793639,0.000606247004785343,76,-0.5385906303579345,-0.533096120015734,-0.5358433751868343,0.002747255171100249,14
187.40815103054047,3.47647488117218,7.164798974990845,0.07126712799072266,150,20,100,log2,,entropy,"{'n_estimators': 150, 'min_samples_split': 20, 'min_samples_leaf': 100, 'max_features': 'log2', 'max_depth': None, 'criterion': 'entropy'}",0.7435670686430896,0.7442658138118701,0.7439164412274799,0.00034937258439021734,25,0.5596407359119224,0.5584873540856031,0.5590640449987627,0.0005766909131596498,17,0.7059425480593524,0.6714912280701755,0.6887168880647639,0.01722565999458847,8,0.4635691657866948,0.4780391340549542,0.47080414992082453,0.0072349841341296794,91,0.5172372126054159,0.5192193439391155,0.5182282782722657,0.0009910656668498108,21,-0.5888499544992006,-0.5763996854625637,-0.5826248199808821,0.006225134518318465,88
53.37872397899628,0.8914855718612671,1.6795589923858643,0.00046944618225097656,20,2,10,sqrt,,entropy,"{'n_estimators': 20, 'min_samples_split': 2, 'min_samples_leaf': 10, 'max_features': 'sqrt', 'max_depth': None, 'criterion': 'entropy'}",0.7329968065254263,0.7376282525145941,0.7353125295200102,0.0023157229945838798,83,0.5242040397124273,0.5130958904109588,0.5186499650616931,0.005554074650734264,59,0.5596082157737008,0.5133771929824561,0.5364927043780785,0.023115511395622346,58,0.4930130723163114,0.512814895947426,0.5029139841318687,0.0099009118155573,54,0.5036805740544827,0.5077311513540125,0.5057058627042477,0.002025288649764867,85,-0.5573198457896532,-0.5518119274388037,-0.5545658866142285,0.0027539591754247583,51
155.82100343704224,2.456218957901001,3.911327838897705,0.12226033210754395,50,20,1,sqrt,50,entropy,"{'n_estimators': 50, 'min_samples_split': 20, 'min_samples_leaf': 1, 'max_features': 'sqrt', 'max_depth': 50, 'criterion': 'entropy'}",0.7394843176408084,0.7391325574286693,0.7393084375347388,0.00017588010606950366,73,0.4883521620568757,0.47464736604021884,0.4814997640485473,0.006852398008328431,79,0.45815364373949274,0.4218567251461988,0.44000518444284575,0.018148459296646963,81,0.5228125781966803,0.5425401899031682,0.5326763840499242,0.009863805853243979,18,0.5120748161467894,0.5141681461489133,0.5131214811478513,0.0010466650010619305,67,-0.5382186619348932,-0.5344834110278219,-0.5363510364813575,0.0018676254535356374,16
38.33936655521393,0.22735345363616943,1.65553617477417,0.03883957862854004,20,2,10,log2,20,entropy,"{'n_estimators': 20, 'min_samples_split': 2, 'min_samples_leaf': 10, 'max_features': 'log2', 'max_depth': 20, 'criterion': 'entropy'}",0.7348076810295505,0.739055758664275,0.7369317198469127,0.002124038817362228,78,0.5310465615809127,0.5311131196551483,0.5310798406180305,3.3279037117806e-05,50,0.5873108690885169,0.558406432748538,0.5728586509185274,0.014452218169989484,40,0.48462002412545235,0.5063635158425029,0.49549176998397765,0.010871745858525295,61,0.5064582601753292,0.5085258752879227,0.5074920677316259,0.0010338075562967286,80,-0.5608100363881574,-0.550008539820436,-0.5554092881042967,0.0054007482838607235,54
20.178210377693176,0.176366925239563,1.297363519668579,0.004770040512084961,20,5,10,log2,10,gini,"{'n_estimators': 20, 'min_samples_split': 5, 'min_samples_leaf': 10, 'max_features': 'log2', 'max_depth': 10, 'criterion': 'gini'}",0.7387122937539693,0.7420150556860993,0.7403636747200343,0.0016513809660649859,68,0.5545701785503134,0.5558679064594854,0.5552190425048994,0.0006488639545859654,37,0.6856223960236825,0.6576754385964912,0.6716489173100868,0.01397347871359561,30,0.46557800168759617,0.48135466267187416,0.47346633217973516,0.007888330492138995,76,0.5089262027657065,0.5155777946964981,0.5122519987311023,0.0033257959653957836,71,-0.582905928423293,-0.571744170689379,-0.577325049556336,0.0055808788669570175,75
274.22493410110474,1.635627031326294,9.59621524810791,0.05405926704406738,150,5,10,sqrt,20,gini,"{'n_estimators': 150, 'min_samples_split': 5, 'min_samples_leaf': 10, 'max_features': 'sqrt', 'max_depth': 20, 'criterion': 'gini'}",0.7455869399521615,0.7464233348066514,0.7460051373794064,0.00041819742724491515,1,0.5421890884445951,0.5358144820483681,0.5390017852464817,0.0031873031981135003,41,0.5847525765660405,0.5514619883040935,0.568107282435067,0.016645294130973487,44,0.505401478299324,0.5210304579045514,0.5132159681019377,0.007814489802613678,42,0.5192765003745253,0.5224411607519241,0.5208588305632247,0.0015823301886994101,3,-0.550982938455792,-0.5422624408394751,-0.5466226896476336,0.004360248808158496,35
328.33594942092896,2.259373426437378,10.606820583343506,0.09349608421325684,150,5,1,log2,20,entropy,"{'n_estimators': 150, 'min_samples_split': 5, 'min_samples_leaf': 1, 'max_features': 'log2', 'max_depth': 20, 'criterion': 'entropy'}",0.7426233471868688,0.7435210004232808,0.7430721738050748,0.00044882661820599967,42,0.47962962962962963,0.48216172287687936,0.48089567625325447,0.0012660466236248669,80,0.4354213873254879,0.43369883040935675,0.43456010886742236,0.0008612784580655786,85,0.5338291961645308,0.5428179322964318,0.5383235642304813,0.004494368065950494,13,0.5142081221399897,0.5181323466990675,0.5161702344195286,0.001962112279538908,50,-0.5329169817273117,-0.5294475695388199,-0.5311822756330657,0.0017347060942459192,9
25.250235676765442,0.423500657081604,1.2949702739715576,0.023710012435913086,20,2,100,log2,,entropy,"{'n_estimators': 20, 'min_samples_split': 2, 'min_samples_leaf': 100, 'max_features': 'log2', 'max_depth': None, 'criterion': 'entropy'}",0.7412208814818526,0.7419127857672713,0.741566833624562,0.00034595214270932706,63,0.5579571204462263,0.5571649813245878,0.557561050885407,0.0003960695608192233,25,0.7019223740954609,0.6706140350877193,0.6862682045915901,0.015654169503870774,19,0.46299599826430743,0.4765466729001091,0.4697713355822083,0.006775337317900837,96,0.512989250301604,0.5155968197918734,0.5142930350467387,0.0013037847451347062,62,-0.5896234123972468,-0.5781627300125114,-0.5838930712048791,0.005730341192367705,97
25.26219868659973,0.5073025226593018,1.284938931465149,0.014199376106262207,20,20,100,sqrt,50,gini,"{'n_estimators': 20, 'min_samples_split': 20, 'min_samples_leaf': 100, 'max_features': 'sqrt', 'max_depth': 50, 'criterion': 'gini'}",0.7423526769002847,0.7423912334001739,0.7423719551502292,1.9278249944576498e-05,54,0.5619443482276874,0.5572546877844529,0.5595995180060701,0.0023448302216172445,11,0.7114976975367298,0.6712719298245614,0.6913848136806455,0.020112883856084174,4,0.46434193579163285,0.4763460939931528,0.47034401489239286,0.006002079100759977,93,0.5158520685963318,0.5185586997448971,0.5172053841706145,0.001353315574282643,40,-0.588778457082912,-0.5782417937519437,-0.5835101254174279,0.005268331665484127,95
80.2202136516571,0.7824904918670654,2.424297332763672,0.023656368255615234,50,10,100,sqrt,10,entropy,"{'n_estimators': 50, 'min_samples_split': 10, 'min_samples_leaf': 100, 'max_features': 'sqrt', 'max_depth': 10, 'criterion': 'entropy'}",0.7440587640472374,0.7437011688200411,0.7438799664336393,0.00017879761359812507,27,0.5612456747404844,0.558152239893165,0.5596989573168247,0.0015467174236596937,8,0.7113515093925883,0.6721491228070176,0.6917503160998029,0.019601193292785368,3,0.46345064050669077,0.47721610961179156,0.47033337505924117,0.006882734552550396,94,0.5175626560365982,0.5181116767905393,0.5178371664135688,0.00027451037697051595,25,-0.5889301809842111,-0.5770954575428855,-0.5830128192635483,0.005917361720662817,91
25.15584969520569,0.29704904556274414,1.2554885149002075,0.016247153282165527,20,2,100,sqrt,20,gini,"{'n_estimators': 20, 'min_samples_split': 2, 'min_samples_leaf': 100, 'max_features': 'sqrt', 'max_depth': 20, 'criterion': 'gini'}",0.7434918418101546,0.7435845533158555,0.7435381975630051,4.6355752850446574e-05,34,0.5618419530255697,0.5573750383318001,0.5596084956786849,0.002233457346884793,10,0.7098896279511732,0.664327485380117,0.6871085566656451,0.022781071285528087,15,0.4648891867311282,0.48008452192287376,0.472486854327001,0.00759766759587277,82,0.5194111884592292,0.5181776056807819,0.5187943970700055,0.0006167913892236587,17,-0.5884408293805165,-0.5761697738238738,-0.5823053016021951,0.006135527778321326,84
103.836106300354,1.962477684020996,3.751392960548401,0.015012860298156738,50,5,5,sqrt,50,gini,"{'n_estimators': 50, 'min_samples_split': 5, 'min_samples_leaf': 5, 'max_features': 'sqrt', 'max_depth': 50, 'criterion': 'gini'}",0.7371230669959835,0.7404266106457225,0.738774838820853,0.0016517718248694746,75,0.4867561192529291,0.47349649489607676,0.48012630707450293,0.006629812178426175,81,0.4600540896133324,0.42214912280701755,0.44110160621017497,0.018952483403157416,80,0.5167487684729064,0.5390646877625315,0.527906728117719,0.011157959644812532,22,0.5100032597704814,0.5135877124883927,0.5117954861294371,0.0017922263589556509,74,-0.5419043133744708,-0.5341669297532589,-0.5380356215638649,0.003868691810605951,19
251.29333543777466,2.950941801071167,11.590182542800903,0.13299870491027832,150,5,1,log2,,gini,"{'n_estimators': 150, 'min_samples_split': 5, 'min_samples_leaf': 1, 'max_features': 'log2', 'max_depth': None, 'criterion': 'gini'}",0.7377995466360417,0.7406544852808561,0.7392270159584489,0.001427469322407171,74,0.35171476053784556,0.3080895008605852,0.32990213069921537,0.021812629838630193,98,0.25524449967107665,0.20935672514619882,0.23230061240863775,0.022943887262438914,98,0.5654145077720207,0.5830618892508144,0.5742381985114176,0.008823690739396817,1,0.5104469101813496,0.5131732403036622,0.5118100752425059,0.0013631650611563018,73,-0.5305810460898994,-0.5294749588782451,-0.5300280024840722,0.0005530436058271415,3
233.40741670131683,4.662091851234436,7.854416251182556,0.10141599178314209,100,5,1,sqrt,50,gini,"{'n_estimators': 100, 'min_samples_split': 5, 'min_samples_leaf': 1, 'max_features': 'sqrt', 'max_depth': 50, 'criterion': 'gini'}",0.7359832966572233,0.7374013090237701,0.7366923028404967,0.0007090061832734085,80,0.3542702214188884,0.3020108900749367,0.3281405557469126,0.02612966567197586,99,0.25787588626562385,0.2047514619883041,0.23131367412696396,0.026562212138659877,99,0.5657472738935215,0.5752721298007805,0.570509701847151,0.004762427953629467,2,0.5054784956346743,0.5090596313802661,0.5072690635074701,0.0017905678727959118,82,-0.5315005067154309,-0.5312985966266154,-0.5313995516710232,0.00010095504440776892,10
102.97065055370331,1.0514174699783325,3.5862964391708374,0.02383124828338623,50,10,5,log2,20,entropy,"{'n_estimators': 50, 'min_samples_split': 10, 'min_samples_leaf': 5, 'max_features': 'log2', 'max_depth': 20, 'criterion': 'entropy'}",0.7385838063783552,0.7404408323843,0.7395123193813276,0.0009285130029724198,72,0.5106134229659128,0.5168971382089772,0.513755280587445,0.0031418576215321847,62,0.5107813756304364,0.5109649122807017,0.510873143955569,9.176832513269062e-05,62,0.510445580715851,0.5229687266197816,0.5167071536678163,0.006261572951965277,34,0.5089300559893173,0.5151278614775855,0.5120289587334514,0.003098902744134102,72,-0.5444684390202009,-0.5408432512199293,-0.5426558451200652,0.0018125939001358282,30
137.68117690086365,1.6704380512237549,7.147495746612549,0.13404464721679688,150,2,100,log2,20,gini,"{'n_estimators': 150, 'min_samples_split': 2, 'min_samples_leaf': 100, 'max_features': 'log2', 'max_depth': 20, 'criterion': 'gini'}",0.7422398561438578,0.7436421879377639,0.7429410220408108,0.000701165896953071,43,0.5600231749710313,0.5569266305999635,0.5584749027854974,0.0015482721855338832,20,0.7065273006359184,0.6697368421052632,0.6881320713705907,0.018395229265327606,12,0.46384183502087434,0.4766413484548954,0.4702415917378849,0.006399756717010541,95,0.5141813728601585,0.518667333256571,0.5164243530583648,0.0022429801982062347,48,-0.5892183779465341,-0.5776338941319429,-0.5834261360392385,0.005792241907295603,94
200.82668018341064,0.9139699935913086,9.697082161903381,0.06359684467315674,150,20,10,log2,20,gini,"{'n_estimators': 150, 'min_samples_split': 20, 'min_samples_leaf': 10, 'max_features': 'log2', 'max_depth': 20, 'criterion': 'gini'}",0.7440316619312228,0.7463146179748832,0.745173139953053,0.0011414780218301779,7,0.5395017793594307,0.5365475435257631,0.5380246614425969,0.0014771179168338033,43,0.5817557196111396,0.5564327485380117,0.5690942340745757,0.012661485536563932,43,0.5029701718907987,0.5180345719341227,0.5105023719124607,0.007532200021661994,48,0.5172883775328276,0.5213524310231636,0.5193204042779956,0.002032026745168003,12,-0.5536721033914515,-0.5436672126186843,-0.5486696580050678,0.005002445386383558,42
38.50268113613129,0.08606898784637451,1.2400400638580322,0.016126155853271484,20,2,5,sqrt,10,entropy,"{'n_estimators': 20, 'min_samples_split': 2, 'min_samples_leaf': 5, 'max_features': 'sqrt', 'max_depth': 10, 'criterion': 'entropy'}",0.7438722758959269,0.742294635205181,0.7430834555505539,0.0007888203453729203,41,0.5620585563142932,0.5530102881297984,0.5575344222220457,0.004524134092247445,27,0.7008990570864703,0.6502923976608187,0.6755957273736445,0.025303329712825784,25,0.46912915851272013,0.4810468826042286,0.4750880205584744,0.005958862045754243,75,0.5192964398554502,0.5159639125321142,0.5176301761937822,0.0016662636616679993,30,-0.5805686914228722,-0.5705225370041511,-0.5755456142135116,0.005023077209360516,74
450.5715848207474,7.4841214418411255,7.443335294723511,1.7538607120513916,150,10,1,sqrt,,entropy,"{'n_estimators': 150, 'min_samples_split': 10, 'min_samples_leaf': 1, 'max_features': 'sqrt', 'max_depth': None, 'criterion': 'entropy'}",0.7414016696577569,0.743341822800761,0.7423717462292589,0.0009700765715020543,55,0.4320954907161804,0.4151256629006225,0.4236105768084015,0.008484913907778946,95,0.35721073020978,0.3290204678362573,0.3431155990230187,0.01409513118676134,95,0.5467054480366932,0.5622735790131168,0.554489513524905,0.007784065488211811,4,0.5131197903957437,0.517159908625955,0.5151398495108493,0.00202005911510561,57,-0.5299057377583474,-0.5263942770331725,-0.5281500073957599,0.0017557303625874154,1
205.15803968906403,3.2641197443008423,9.902297496795654,0.01537942886352539,150,2,10,log2,50,gini,"{'n_estimators': 150, 'min_samples_split': 2, 'min_samples_leaf': 10, 'max_features': 'log2', 'max_depth': 50, 'criterion': 'gini'}",0.7446278396848056,0.7458095318169717,0.7452186857508887,0.0005908460660830617,6,0.5392936358983108,0.5337235029619586,0.5365085694301347,0.0027850664681761117,45,0.5775893575031065,0.5466374269005848,0.5621133922018456,0.01547596530126083,47,0.5057603686635944,0.5214056616929299,0.5135830151782621,0.007822646514667742,41,0.518467472733781,0.5202264335809921,0.5193469531573865,0.0008794804236055276,11,-0.5513812630680659,-0.5418810580528259,-0.5466311605604459,0.00475010250761998,36
256.6176347732544,2.0785226821899414,5.91555655002594,0.015359997749328613,150,5,100,sqrt,20,entropy,"{'n_estimators': 150, 'min_samples_split': 5, 'min_samples_leaf': 100, 'max_features': 'sqrt', 'max_depth': 20, 'criterion': 'entropy'}",0.7448339538226496,0.7446006955051692,0.7447173246639094,0.0001166291587402224,13,0.562465538756203,0.5579362410979002,0.5602008899270516,0.0022646488291513944,1,0.7083546524376872,0.6671783625730994,0.6877665075053934,0.02058814493229394,14,0.4664067763981134,0.4794347848925776,0.4729207806453455,0.006514004247232114,80,0.5180279484009574,0.5201383979337297,0.5190831731673435,0.0010552247663861425,14,-0.5861917638340756,-0.5743286170446978,-0.5802601904393867,0.0059315733946888605,78
194.61877763271332,1.3105319738388062,6.019951701164246,0.041811347007751465,100,2,5,sqrt,50,gini,"{'n_estimators': 100, 'min_samples_split': 2, 'min_samples_leaf': 5, 'max_features': 'sqrt', 'max_depth': 50, 'criterion': 'gini'}",0.7408972212609573,0.7439755031986413,0.7424363622297993,0.001539140968842001,52,0.49473847106159086,0.4797777596208841,0.4872581153412375,0.007480355720353382,72,0.46736349682040784,0.42923976608187137,0.4483016314511396,0.01906186536926824,74,0.5255198487712666,0.5438044082237451,0.5346621284975058,0.009142279726239266,16,0.5143093643691476,0.5179687308646533,0.5161390476169005,0.0018296832477528446,52,-0.5390088094417452,-0.5315717570905097,-0.5352902832661275,0.0037185261756177423,12
82.97598886489868,0.2707827091217041,4.004975914955139,0.028156399726867676,100,10,100,log2,,gini,"{'n_estimators': 100, 'min_samples_split': 10, 'min_samples_leaf': 100, 'max_features': 'log2', 'max_depth': None, 'criterion': 'gini'}",0.7428679175257153,0.7441136955640653,0.7434908065448903,0.0006228890191749548,36,0.5602465689695277,0.5586965772995319,0.5594715731345299,0.0007749958349979047,14,0.7041882903296542,0.6717836257309941,0.6879859580303243,0.016202332299330047,13,0.46516343971802426,0.47819752315537517,0.4716804814366997,0.006517041718675454,86,0.5161715301515151,0.5197003670150733,0.5179359485832942,0.0017644184317791023,24,-0.5890070595519356,-0.5774950342299682,-0.5832510468909519,0.005756012660983689,92
39.27216017246246,0.5094259977340698,1.5617022514343262,0.007953643798828125,20,2,1,sqrt,50,gini,"{'n_estimators': 20, 'min_samples_split': 2, 'min_samples_leaf': 1, 'max_features': 'sqrt', 'max_depth': 50, 'criterion': 'gini'}",0.7103705001672578,0.710861094277123,0.7106157972221904,0.0002452970549325917,100,0.3189941812136326,0.2728224340256735,0.29590830761965303,0.02308587359397954,100,0.22439880125721803,0.18099415204678362,0.20269647665200083,0.021702324605217205,100,0.5514639841925634,0.5537910981883247,0.552627541190444,0.001163556997880677,6,0.469360637967047,0.47094627134269273,0.4701534546548699,0.000792816687822856,100,-0.6113843511328092,-0.6421520342982683,-0.6267681927155387,0.01538384158272954,100
197.3591651916504,0.20341134071350098,2.7094807624816895,0.06832456588745117,100,2,5,sqrt,50,entropy,"{'n_estimators': 100, 'min_samples_split': 2, 'min_samples_leaf': 5, 'max_features': 'sqrt', 'max_depth': 50, 'criterion': 'entropy'}",0.7419684474174907,0.7437406094325744,0.7428545284250325,0.000886081007541839,46,0.4839590173661933,0.47525323231491395,0.47960612484055365,0.004352892525639668,82,0.44711643885680874,0.4218567251461988,0.4344865820015038,0.01262985685530496,86,0.5274185204345577,0.5441259664340939,0.5357722434343258,0.00835372299976811,15,0.5156699157740658,0.5180349143446397,0.5168524150593528,0.0011824992852869087,42,-0.5345604362017802,-0.5293153267775825,-0.5319378814896814,0.0026225547120988235,11
145.53301692008972,0.392362117767334,3.3054025173187256,0.16614937782287598,100,10,10,sqrt,20,gini,"{'n_estimators': 100, 'min_samples_split': 10, 'min_samples_leaf': 10, 'max_features': 'sqrt', 'max_depth': 20, 'criterion': 'gini'}",0.7447454075541239,0.7446818472545371,0.7447136274043304,3.1780149793381174e-05,14,0.542559331816793,0.5329777777777779,0.5377685547972855,0.0047907770195075305,44,0.584021635845333,0.5478801169590644,0.5659508764021987,0.0180707594431343,45,0.5065939639868121,0.518864659051575,0.5127293115191935,0.00613534753238143,45,0.5175555690539677,0.5199632246049783,0.518759396829473,0.0012038277755053173,18,-0.5522784992276202,-0.5432726123768092,-0.5477755558022147,0.00450294342540547,40
63.237995624542236,0.2053520679473877,3.193673014640808,0.008190512657165527,50,5,5,log2,50,gini,"{'n_estimators': 50, 'min_samples_split': 5, 'min_samples_leaf': 5, 'max_features': 'log2', 'max_depth': 50, 'criterion': 'gini'}",0.7367221228599004,0.7390194279819966,0.7378707754209485,0.0011486525610481246,77,0.4915902140672783,0.48149185641682346,0.4865410352420509,0.0050491788252274294,73,0.46999488341495504,0.439766081871345,0.45488048264315006,0.015114400771805009,71,0.5152656462857601,0.5319656910425326,0.5236156686641463,0.008350022378386224,26,0.5082683481013478,0.5141063551761786,0.5111873516387633,0.002919003537415421,77,-0.5431636403704819,-0.5364124131422137,-0.5397880267563477,0.003375613614134132,23
115.48263716697693,3.1574788093566895,2.113779306411743,0.18086981773376465,150,2,1,log2,10,entropy,"{'n_estimators': 150, 'min_samples_split': 2, 'min_samples_leaf': 1, 'max_features': 'log2', 'max_depth': 10, 'criterion': 'entropy'}",0.7433756499155875,0.743740930516819,0.7435582902162032,0.0001826403006157662,33,0.5589714591827625,0.5548483713964808,0.5569099152896216,0.002061543893140838,32,0.6864264308164608,0.65,0.6682132154082304,0.0182132154082304,35,0.47143574297188756,0.4839973873285434,0.4777165651502155,0.006280822178327927,68,0.5161045178578794,0.518635754738944,0.5173701362984117,0.0012656184405323012,38,-0.5792906647274145,-0.5681423988019643,-0.5737165317646894,0.005574132962725131,64
158.56251788139343,71.70963263511658,6.0718008279800415,3.2208648920059204,150,2,1,log2,20,gini,"{'n_estimators': 150, 'min_samples_split': 2, 'min_samples_leaf': 1, 'max_features': 'log2', 'max_depth': 20, 'criterion': 'gini'}",0.7412142859762123,0.7424365980170204,0.7418254419966164,0.0006111560204040689,60,0.45390191174600486,0.44961845300034686,0.45176018237317583,0.0021417293728289988,93,0.3913456618668226,0.3790204678362573,0.38518306485153997,0.006162597015282656,93,0.5402623612512614,0.552536231884058,0.5463992965676596,0.0061369353163983065,8,0.5099136900859099,0.514631961657515,0.5122728258717124,0.0023591357858025463,70,-0.5318532194282305,-0.5292194145406272,-0.5305363169844288,0.0013169024438016708,6
38.83652186393738,0.047231435775756836,1.3031648397445679,0.01575005054473877,20,20,5,sqrt,10,entropy,"{'n_estimators': 20, 'min_samples_split': 20, 'min_samples_leaf': 5, 'max_features': 'sqrt', 'max_depth': 10, 'criterion': 'entropy'}",0.7422101110096755,0.7427389011267854,0.7424745060682305,0.00026439505855496703,51,0.558206669023212,0.5568199435676413,0.5575133062954267,0.0006933627277853627,28,0.6925663328704043,0.656359649122807,0.6744629909966056,0.01810334187379864,26,0.4675087580796368,0.48349577297937646,0.47550226552950664,0.007993507449869819,74,0.5168372514165016,0.5161119242007691,0.5164745878086354,0.00036266360786624263,46,-0.5819171228489933,-0.5691683148210094,-0.5755427188350013,0.006374404013991974,73
184.5753537416458,1.7128297090530396,6.3000019788742065,0.12875044345855713,100,2,10,sqrt,20,gini,"{'n_estimators': 100, 'min_samples_split': 2, 'min_samples_leaf': 10, 'max_features': 'sqrt', 'max_depth': 20, 'criterion': 'gini'}",0.7455256035843391,0.7455011969103257,0.7455134002473324,1.2203337006688741e-05,3,0.5401588702559577,0.5383451237109773,0.5392519969834675,0.0009068732724901718,40,0.5815364373949272,0.5590643274853802,0.5703003824401537,0.011236054954773533,42,0.5042783799201369,0.5191067671214281,0.5116925735207825,0.007414193600645602,46,0.5190504139402943,0.5203488795439427,0.5196996467421184,0.0006492328018242177,8,-0.5515069673362718,-0.5437071646970385,-0.5476070660166552,0.00389990131961665,38
27.6850825548172,0.03926670551300049,1.7733055353164673,0.015586256980895996,20,20,10,log2,50,gini,"{'n_estimators': 20, 'min_samples_split': 20, 'min_samples_leaf': 10, 'max_features': 'log2', 'max_depth': 50, 'criterion': 'gini'}",0.7332075485250167,0.7362344430096566,0.7347209957673366,0.001513447242319943,86,0.5270500170125894,0.5204755614266843,0.5237627892196368,0.0032872277929525406,55,0.566113588187998,0.5328216374269006,0.5494676128074493,0.016645975380548683,55,0.49302947355019416,0.5086886733198409,0.5008590734350176,0.007829599884823374,55,0.5031440476582212,0.5090870339163187,0.50611554078727,0.0029714931290487634,83,-0.5596253305568704,-0.5503330165415333,-0.5549791735492018,0.004646157007668517,52
44.11684572696686,0.7749079465866089,1.8062759637832642,0.04696524143218994,20,2,5,log2,50,entropy,"{'n_estimators': 20, 'min_samples_split': 2, 'min_samples_leaf': 5, 'max_features': 'log2', 'max_depth': 50, 'criterion': 'entropy'}",0.7271714121669919,0.7276188456636103,0.7273951289153011,0.00022371674830923283,97,0.4766622803622571,0.4657666733830345,0.47121447687264584,0.005447803489611297,88,0.45011329581170967,0.4224415204678363,0.436277408139773,0.013835887671936692,84,0.5065394422966192,0.5189941625505163,0.5127668024235678,0.006227360126948578,44,0.4945783864117531,0.4959122172904083,0.49524530185108073,0.0006669154393275922,97,-0.5533502341118355,-0.5530447035982765,-0.553197468855056,0.00015276525677948571,48
318.8649663925171,0.41017651557922363,9.204281330108643,0.5739891529083252,150,10,1,log2,,entropy,"{'n_estimators': 150, 'min_samples_split': 10, 'min_samples_leaf': 1, 'max_features': 'log2', 'max_depth': None, 'criterion': 'entropy'}",0.7422688502251553,0.7431852552427094,0.7427270527339324,0.00045820250877703916,47,0.43841847445766274,0.4189770335803825,0.42869775401902266,0.009720720438640112,94,0.36634748921862437,0.3347222222222222,0.3505348557204233,0.015812633498201084,94,0.5457911357944027,0.5599168500855956,0.5528539929399992,0.007062857145596402,5,0.5150591544384145,0.5175362716747909,0.5162977130566027,0.001238558618188168,49,-0.5305478893075115,-0.527033656775217,-0.5287907730413642,0.001757116266147274,2
125.49806249141693,2.3814133405685425,4.795660734176636,0.007109642028808594,100,10,100,sqrt,50,gini,"{'n_estimators': 100, 'min_samples_split': 10, 'min_samples_leaf': 100, 'max_features': 'sqrt', 'max_depth': 50, 'criterion': 'gini'}",0.7447961764358577,0.7443565774474462,0.744576376941652,0.0002197994942057524,19,0.5618721328610418,0.5572090454419932,0.5595405891515175,0.002331543709524264,12,0.707258241356626,0.6637426900584795,0.6855004657075527,0.02175777564907322,21,0.4660661817831511,0.4801438316323833,0.47310500670776723,0.007038824924616077,78,0.5188485912916294,0.5191276868782432,0.5189881390849362,0.00013954779330688227,16,-0.5861386021277907,-0.5749095053522191,-0.5805240537400049,0.0056145483877858005,82
125.67711615562439,5.536576509475708,5.660133719444275,0.01094043254852295,100,2,10,log2,20,gini,"{'n_estimators': 100, 'min_samples_split': 2, 'min_samples_leaf': 10, 'max_features': 'log2', 'max_depth': 20, 'criterion': 'gini'}",0.7435656949616297,0.7452378596671035,0.7444017773143666,0.000836082352736911,20,0.5424118462422666,0.5348845408073329,0.5386481935247998,0.0037636527174668144,42,0.5863606461515971,0.5545321637426901,0.5704464049471436,0.015914241204453505,41,0.5045917725500063,0.5165815457950289,0.5105866591725177,0.005994886622511297,47,0.516844741438454,0.5195292449657656,0.5181869932021098,0.0013422517636557663,22,-0.5540240198309324,-0.5443946877275903,-0.5492093537792613,0.004814666051671079,43
